"Comparison","t","df","p"
"temp",4.60914607952827,23956.3756205561,"4.064e-06"
"Light",67.1133082513999,9744.54465950355,"0.000e+00"
"DO",-62.5449057438329,17582.0018050308,"0.000e+00"
