"Comparison","t","df","p"
"temp",4.60914607952826,23956.3756205559,"4.064e-06"
"Light",67.1133082513979,9744.54465950351,"0.000e+00"
"DO",-62.5449057438326,17582.0018050309,"0.000e+00"
